Country,Sessions
United States,429
(not set),255
United Kingdom,124
Germany,96
China,60
Spain,57
South Africa,56
Japan,53
France,41
Brazil,40
Canada,37
Russia,37
Netherlands,35
Poland,35
South Korea,29
India,26
Italy,23
Belgium,17
Romania,14
Switzerland,13
Sweden,13
Australia,12
Argentina,11
Hungary,11
Denmark,10
Ukraine,10
Mexico,9
Czech Republic,8
Finland,8
Norway,7
Ireland,6
Serbia,5
Vietnam,5
Colombia,4
Hong Kong,4
Israel,4
Portugal,4
Slovakia,4
Turkey,4
Bulgaria,3
Costa Rica,3
Greece,3
Croatia,3
Indonesia,3
Kazakhstan,3
Lithuania,3
Malaysia,3
Peru,3
Paraguay,3
Thailand,3
Austria,2
Bosnia & Herzegovina,2
Belarus,2
Estonia,2
Iran,2
Latvia,2
New Zealand,2
Philippines,2
Saudi Arabia,2
Singapore,2
Tunisia,2
United Arab Emirates,1
Bangladesh,1
Brunei,1
Bolivia,1
Cyprus,1
Dominican Republic,1
Algeria,1
Georgia,1
Iraq,1
Kenya,1
Kyrgyzstan,1
Lebanon,1
Montenegro,1
Macedonia (FYROM),1
Slovenia,1
Senegal,1
Taiwan,1
Uruguay,1
Uzbekistan,1
Venezuela,1
Zimbabwe,1
